cylinders,model_year_70,model_year_71,model_year_72,model_year_73,model_year_74,model_year_75,model_year_76,model_year_77,model_year_78,model_year_79,model_year_80,model_year_81,model_year_82,origin_europe,origin_japan,origin_usa,name,acceleration,displacement,horsepower,mpg,weight
-0.003423224,-0.004696061,-0.00425326,-0.013918669,-0.030344851,-0.015554952,-0.043297764,-0.025626998,-0.019451499,-0.0063599893,-0.0076789497,0.015128849,0.003803233,0.010326519,0.08695876,0.067324296,0.08836473,0.996717,0.10672649,-0.076421686,-0.046563476,-0.008180208,6.6870522
