cylinders,model_year_70,model_year_71,model_year_72,model_year_73,model_year_74,model_year_75,model_year_76,model_year_77,model_year_78,model_year_79,model_year_80,model_year_81,model_year_82,origin_europe,origin_japan,origin_usa,name,acceleration,displacement,horsepower,mpg,weight
-0.010035732,-0.006182687,-0.004768519,-0.013980168,-0.030661942,-0.0149964355,-0.04224595,-0.024798155,-0.018608106,-0.0056945416,-0.0068464926,0.015902182,0.0048772614,0.011006666,-0.0657385,-0.08457276,-0.101625375,0.97087055,0.12452037,-0.07598929,-0.058905616,-0.005939514,6.708755
