cylinders,model_year_70,model_year_71,model_year_72,model_year_73,model_year_74,model_year_75,model_year_76,model_year_77,model_year_78,model_year_79,model_year_80,model_year_81,model_year_82,origin_europe,origin_japan,origin_usa,name,acceleration,displacement,horsepower,mpg,weight
-0.003312095,-0.039515067,-0.03822158,-0.04670452,-0.06540196,-0.044893526,-0.07460492,-0.058681075,-0.05171817,-0.042692993,-0.04194705,-0.018355822,-0.032133676,-0.024740614,0.0722668,0.052608076,0.0709841,0.94378275,0.10462431,-0.057992116,-0.059632406,-0.0019369483,6.7389603
