cylinders,model_year_70,model_year_71,model_year_72,model_year_73,model_year_74,model_year_75,model_year_76,model_year_77,model_year_78,model_year_79,model_year_80,model_year_81,model_year_82,origin_europe,origin_japan,origin_usa,name,acceleration,displacement,horsepower,mpg,weight
-0.0036959907,0.030989546,0.033230152,0.022501998,0.009494026,0.018723713,-0.0039604953,0.013660526,0.018147087,0.034096688,0.031627722,0.052200362,0.044718012,0.04893913,0.136433,0.11712824,0.14955984,0.95320904,0.104943596,-0.07185926,-0.048255943,-0.006963642,6.7311645
